decile,prospects,subscribers,response_rate,average_score,cumulative_capture_rate,baseline_rate,lift
1,1130,563,0.4982300884955752,0.7337107840700251,0.4258698940998487,0.1169600990887375,4.2598295690359205
2,1130,238,0.21061946902654868,0.4776593756697837,0.6059001512859304,0.1169600990887375,1.8007805282958245
3,1130,130,0.11504424778761062,0.36714559005803393,0.7042360060514372,0.1169600990887375,0.9836196162960384
4,1131,103,0.09106984969053934,0.30291586450630453,0.7821482602118003,0.1169600990887375,0.77864032606064
5,1130,71,0.06283185840707965,0.2546827049126187,0.8358547655068078,0.1169600990887375,0.5372076365924519
6,1130,61,0.05398230088495575,0.2131843581657025,0.8819969742813918,0.1169600990887375,0.4615445891850642
7,1131,41,0.036251105216622455,0.1783856480333784,0.9130105900151286,0.1169600990887375,0.30994420746103146
8,1130,37,0.03274336283185841,0.14518042802268633,0.9409984871406959,0.1169600990887375,0.279953275407334
9,1130,45,0.03982300884955752,0.1120481632618819,0.9750378214826021,0.1169600990887375,0.34048371333324406
10,1131,33,0.029177718832891247,0.07159983533345984,1.0,0.1169600990887375,0.24946728893204975
