feature,importance
numeric__balance,0.13669005213333152
numeric__age,0.12002627294227522
numeric__day,0.10949762127121337
numeric__month_number,0.09453299236510133
numeric__campaign,0.05826085402815812
categorical__poutcome_success,0.05354400140451685
numeric__pdays,0.051673494312712086
categorical__contact_unknown,0.04643848443623769
categorical__contact_cellular,0.033652317392318214
numeric__previous,0.029513583622753227
categorical__housing_no,0.02925867271340719
categorical__housing_yes,0.029046130132885692
categorical__poutcome_unknown,0.017593399440923505
categorical__marital_married,0.01511286438796033
categorical__job_blue-collar,0.013386344457492592
categorical__marital_single,0.012706604934834177
categorical__education_secondary,0.012603285060008709
categorical__education_tertiary,0.01200412866811682
categorical__job_technician,0.011290468039427317
categorical__loan_no,0.011280000837977833
categorical__loan_yes,0.010575813478385583
categorical__poutcome_failure,0.010114240444481077
categorical__job_management,0.009991131106868579
categorical__job_admin.,0.00865215730403603
categorical__education_primary,0.008379780436779415
